Date,Round,Home_Team,Away_Team,Home_Goals,Away_Goals,Result,Home_Possesso_palla,Home_Parate,Home_Rigori,Home_Tiri_Totali,Home_Tiri_in_porta,Home_Tiri_in_porta_da_punizione,Home_Tiri_fuori,Home_Tiri_fuori_da_punizione,Home_Tiri_in_porta_da_area,Home_Tiri_in_porta_su_azione_da_palla_inattiva,Home_Tiri_fuori_su_azione_da_palla_inattiva,Home_Falli_commessi,Home_Falli_subiti,Home_Pali,Home_Occasioni_da_gol,Home_Assist_Totali,Home_Fuorigioco,Home_Corner,Home_Passaggi_riusciti,Home_Accuratezza_passaggi,Home_Ammonizioni,Home_Doppie_ammonizioni,Home_Espulsioni,Home_Passaggi_chiave,Home_Recuperi,Home_Ripartenze_da_Recupero,Home_Attacchi_centrali,Home_Attacchi_a_destra,Home_Attacchi_a_sinistra,Away_Possesso_palla,Away_Parate,Away_Rigori,Away_Tiri_Totali,Away_Tiri_in_porta,Away_Tiri_in_porta_da_punizione,Away_Tiri_fuori,Away_Tiri_fuori_da_punizione,Away_Tiri_in_porta_da_area,Away_Tiri_in_porta_su_azione_da_palla_inattiva,Away_Tiri_fuori_su_azione_da_palla_inattiva,Away_Falli_commessi,Away_Falli_subiti,Away_Pali,Away_Occasioni_da_gol,Away_Assist_Totali,Away_Fuorigioco,Away_Corner,Away_Passaggi_riusciti,Away_Accuratezza_passaggi,Away_Ammonizioni,Away_Doppie_ammonizioni,Away_Espulsioni,Away_Passaggi_chiave,Away_Recuperi,Away_Ripartenze_da_Recupero,Away_Attacchi_centrali,Away_Attacchi_a_destra,Away_Attacchi_a_sinistra
17/10/2020,4,INTER,MILAN,1,2,2,53%,2,0,14,6,0,6,0,6,0,1,18,11,0,8,1,2,3,364,82%,3,0,0,7,40,,20,6,4,47%,4,1,9,4,1,4,1,4,1,0,11,18,0,5,1,2,5,275,76%,3,0,0,2,60,,16,4,8
17/10/2020,4,NAPOLI,ATALANTA,4,1,1,52%,3,0,21,14,0,4,0,14,0,0,12,23,0,8,3,1,6,395,82%,1,0,0,4,22,,16,13,4,48%,10,0,13,4,0,8,0,3,0,0,23,10,0,4,1,1,2,429,87%,3,0,0,3,39,,8,7,10
17/10/2020,4,CROTONE,JUVENTUS,1,1,X,45%,1,1,11,3,1,6,0,3,0,0,17,13,0,4,0,0,3,375,84%,3,0,0,3,40,,9,11,14,55%,2,0,8,3,0,5,1,3,1,1,14,16,1,3,1,2,4,451,87%,3,0,1,2,58,,6,11,13
18/10/2020,4,BOLOGNA,SASSUOLO,3,4,2,45%,9,0,14,7,0,4,0,7,0,0,20,12,0,8,2,0,7,248,73%,2,0,0,4,37,,20,9,17,55%,3,0,23,12,0,8,0,9,0,0,12,18,0,14,2,0,11,310,78%,1,0,0,8,55,,15,16,9
17/10/2020,4,SAMPDORIA,LAZIO,3,0,1,53%,1,0,12,8,0,3,0,6,1,1,12,10,0,7,2,0,4,435,82%,2,0,0,3,37,,8,16,9,47%,5,0,9,1,0,7,0,0,0,1,10,10,0,3,0,2,3,416,84%,2,0,0,3,59,,12,8,12
18/10/2020,4,TORINO,CAGLIARI,2,3,2,54%,3,1,10,6,1,4,0,4,0,0,14,16,0,6,1,1,2,465,90%,2,0,1,4,37,,19,15,16,46%,4,0,10,7,0,2,0,5,0,0,16,13,0,7,2,4,4,296,84%,3,0,0,3,42,,6,17,11
18/10/2020,4,UDINESE,PARMA,3,2,1,47%,1,0,14,4,0,5,0,3,1,1,12,9,0,4,2,2,11,300,85%,3,0,0,2,43,,18,13,14,53%,1,0,8,3,0,4,0,1,0,1,11,11,0,3,1,1,2,449,85%,2,0,0,1,47,,7,12,15
19/10/2020,4,HELLAS VERONA,GENOA,0,0,X,57%,2,0,19,12,0,6,0,10,2,3,14,15,0,4,0,1,14,417,82%,1,0,0,3,53,,15,13,14,43%,12,0,6,2,0,3,1,2,0,0,15,12,0,2,0,1,2,260,70%,4,0,0,2,78,,7,10,4
18/10/2020,4,ROMA,BENEVENTO,5,2,1,54%,2,1,18,10,1,6,1,10,0,1,17,6,0,11,3,6,6,386,87%,3,0,0,6,41,,15,15,16,46%,2,1,10,4,1,4,0,4,1,1,7,17,0,4,1,4,4,344,83%,2,0,0,1,38,,13,17,15
18/10/2020,4,SPEZIA,FIORENTINA,2,2,X,50%,2,0,12,2,0,4,0,2,0,0,15,16,0,5,1,1,5,404,83%,2,0,0,3,32,,8,11,9,50%,0,0,9,6,0,1,0,6,2,0,18,15,0,5,2,3,5,369,84%,2,0,0,1,42,,5,11,9
02/10/2020,3,FIORENTINA,SAMPDORIA,1,2,2,61%,6,0,21,6,0,10,1,4,0,1,11,15,1,9,0,0,8,450,84%,0,0,0,7,28,,15,14,24,39%,4,1,18,10,2,4,0,8,0,0,16,10,2,6,1,1,4,210,70%,3,0,0,2,53,,17,13,12
03/10/2020,3,SASSUOLO,CROTONE,4,1,1,58%,5,1,8,4,1,3,0,4,0,1,15,13,0,6,2,2,3,396,83%,2,0,0,1,38,,5,10,11,42%,0,1,16,6,3,4,0,5,0,1,15,15,1,4,0,3,4,310,80%,3,0,0,2,26,,10,18,7
04/10/2020,3,MILAN,SPEZIA,3,0,1,60%,3,0,14,5,0,5,1,5,1,0,14,17,0,7,2,1,4,490,86%,1,0,0,4,45,,9,15,12,40%,2,0,3,2,0,1,0,2,0,0,19,13,0,1,0,0,6,270,77%,2,0,0,1,46,,3,9,8
03/10/2020,3,UDINESE,ROMA,0,1,2,45%,2,0,10,5,0,4,0,4,0,0,15,10,0,7,0,3,4,337,80%,1,0,0,5,37,,17,9,5,55%,4,0,13,3,0,5,0,1,0,1,10,14,0,2,0,1,1,463,85%,0,0,0,1,62,,21,6,5
04/10/2020,3,BENEVENTO,BOLOGNA,1,0,1,39%,7,0,8,3,0,3,0,2,1,0,13,12,0,5,1,0,4,209,72%,2,0,0,1,32,,10,9,7,61%,2,0,16,7,0,6,0,6,1,1,15,12,0,9,0,5,10,362,85%,1,0,0,9,41,,12,17,13
04/10/2020,3,ATALANTA,CAGLIARI,5,2,1,56%,1,0,22,14,0,5,1,11,1,0,11,9,1,15,5,2,3,521,86%,0,0,0,6,51,,15,11,15,44%,7,0,11,3,0,4,0,3,1,0,9,11,0,2,2,0,9,326,79%,0,0,0,0,32,,9,13,9
26/09/2020,2,INTER,FIORENTINA,4,3,1,63%,1,0,16,7,0,6,0,3,0,0,15,10,0,9,3,2,5,586,90%,1,0,0,5,31,,18,18,12,37%,4,0,10,4,0,4,0,4,0,0,10,14,0,8,3,1,1,252,78%,1,0,0,5,43,,10,10,7
04/10/2020,3,LAZIO,INTER,1,1,X,41%,3,0,12,5,0,6,0,2,0,2,14,12,0,3,1,0,7,330,82%,3,0,1,1,52,,10,8,7,59%,3,0,12,5,0,6,0,5,0,0,13,14,1,4,0,0,8,522,88%,4,0,1,3,25,,16,21,15
26/09/2020,2,TORINO,ATALANTA,2,4,2,46%,3,0,7,5,0,0,0,4,1,0,11,12,1,3,2,2,2,350,80%,1,0,0,1,45,,8,8,10,54%,2,0,17,7,0,5,1,5,0,0,12,11,0,6,4,3,6,456,85%,2,0,0,2,41,,10,12,17
04/10/2020,3,PARMA,HELLAS VERONA,1,0,1,43%,3,0,12,5,0,2,0,4,0,0,11,18,0,8,1,2,7,258,76%,1,0,0,5,53,,17,20,9,57%,4,0,9,5,0,3,0,4,2,1,19,10,0,5,0,5,6,430,86%,1,0,0,5,33,,21,14,30
04/11/2020,3,GENOA,TORINO,1,2,2,47%,0,0,14,4,0,5,0,3,1,3,10,18,0,3,1,0,5,419,84%,2,0,0,2,42,,10,17,19,53%,1,0,7,1,0,5,0,1,0,1,18,10,0,3,0,2,2,402,83%,4,0,0,2,57,,7,11,17
27/09/2020,2,CROTONE,MILAN,0,2,2,47%,4,0,5,1,1,4,0,0,0,1,14,15,0,1,0,3,3,341,81%,1,0,0,0,43,,12,16,11,53%,1,1,14,7,1,4,0,5,1,3,15,14,1,7,0,3,5,394,81%,3,0,0,4,45,,16,11,6
26/09/2020,2,CAGLIARI,LAZIO,0,2,2,48%,5,0,9,3,0,6,2,1,0,2,8,12,0,4,0,2,3,337,82%,1,0,0,1,35,,6,14,7,52%,3,0,13,7,0,2,0,5,0,0,13,8,0,5,2,2,6,432,85%,1,0,0,1,31,,6,13,13
26/09/2020,2,SAMPDORIA,BENEVENTO,2,3,2,43%,2,0,9,4,0,1,0,4,0,0,17,10,1,6,2,4,6,222,70%,3,0,0,3,54,,8,14,15,57%,1,0,12,6,0,5,0,4,1,0,12,17,0,8,2,1,4,399,83%,1,0,0,3,41,,10,7,17
27/09/2020,2,SPEZIA,SASSUOLO,1,4,2,39%,2,0,13,6,0,5,0,5,0,1,13,8,1,5,1,0,3,260,80%,2,0,0,3,33,,5,10,8,61%,4,1,16,8,2,2,0,6,1,0,8,11,1,6,3,4,5,580,90%,1,0,0,1,28,,11,14,13
27/09/2020,2,HELLAS VERONA,UDINESE,1,0,1,46%,5,0,9,2,0,6,0,2,0,2,13,12,0,4,0,1,1,264,68%,1,0,0,2,71,,11,17,11,54%,1,0,18,6,0,8,0,4,2,1,13,13,2,10,0,0,9,309,74%,0,0,0,8,56,,12,9,16
27/09/2020,2,ROMA,JUVENTUS,2,2,X,43%,1,1,9,6,1,1,0,5,0,1,19,8,1,6,1,0,5,343,85%,2,0,0,2,39,,11,6,18,57%,3,1,7,3,1,3,0,3,0,2,9,18,0,4,1,4,7,534,89%,1,1,0,1,28,,10,17,8
27/09/2020,2,NAPOLI,GENOA,6,0,1,57%,1,0,18,11,0,7,2,9,1,1,6,13,0,10,6,1,4,590,93%,1,0,0,3,21,,7,11,12,43%,5,0,5,1,0,2,0,1,0,0,13,6,0,1,0,2,2,420,88%,2,0,0,1,28,,5,8,8
28/09/2020,2,BOLOGNA,PARMA,4,1,1,59%,3,0,11,8,1,2,0,6,2,0,12,9,0,7,2,2,8,448,87%,1,0,0,2,60,,20,9,14,41%,4,0,8,4,0,4,1,4,0,0,9,12,0,4,1,0,9,286,79%,2,0,1,3,56,,7,12,11
30/09/2020,1,BENEVENTO,INTER,2,5,2,34%,4,0,11,7,0,4,0,5,0,1,10,15,1,5,1,1,5,244,79%,1,0,0,3,35,,7,10,10,66%,4,0,19,12,0,6,1,10,0,0,15,10,2,13,4,3,1,615,91%,0,0,0,5,38,,14,10,11
19/09/2020,1,FIORENTINA,TORINO,1,0,1,53%,3,0,17,8,0,6,0,4,0,0,17,19,0,9,1,6,4,361,85%,3,0,0,6,42,,8,17,29,47%,8,0,6,3,0,1,0,2,0,1,20,17,0,3,0,1,1,369,83%,1,0,0,2,53,,14,8,9
19/09/2020,1,HELLAS VERONA,ROMA,3,0,1,45%,5,0,10,7,1,2,0,4,0,0,19,19,2,6,0,3,0,237,68%,2,0,0,4,67,,16,14,10,55%,6,0,21,7,1,8,0,3,0,0,20,18,1,5,0,2,6,400,77%,0,0,0,3,50,,22,7,16
21/09/2020,1,MILAN,BOLOGNA,2,0,1,61%,4,1,17,6,1,8,0,4,0,0,13,17,0,9,1,5,7,440,86%,3,0,0,4,40,,14,13,16,39%,3,0,12,5,0,1,0,4,1,0,17,13,1,4,0,1,4,307,84%,3,1,0,2,43,,14,6,17
20/09/2020,1,GENOA,CROTONE,4,1,1,49%,3,0,12,8,0,2,0,8,0,1,13,13,1,8,4,7,6,404,87%,4,0,0,4,42,,13,17,14,51%,2,0,12,5,0,6,0,4,0,1,14,13,1,4,1,0,4,432,86%,2,0,0,3,21,,11,21,13
15/01/2021,18,LAZIO,ROMA,3,0,1,41%,2,0,9,9,0,0,0,6,0,0,12,19,0,7,2,4,1,320,82%,5,0,0,4,48,,12,7,10,59%,6,0,5,2,0,2,0,2,0,1,19,12,0,4,0,2,7,493,85%,4,0,0,3,32,,15,7,12
20/09/2020,1,SASSUOLO,CAGLIARI,1,1,X,65%,3,0,30,10,2,11,1,5,0,4,9,18,0,8,0,2,7,601,91%,1,0,0,4,25,,12,20,16,35%,8,0,8,4,1,4,0,1,0,0,18,8,0,2,1,2,3,256,83%,3,0,0,1,47,,4,14,10
20/09/2020,1,PARMA,NAPOLI,0,2,2,41%,4,0,6,2,0,2,0,1,0,0,16,11,0,0,0,2,4,345,85%,4,0,0,0,46,,5,7,12,59%,2,0,16,7,0,5,0,3,0,0,12,16,1,6,0,1,2,576,89%,1,0,0,2,31,,5,21,19
17/01/2021,18,NAPOLI,FIORENTINA,6,0,1,50%,2,1,10,7,1,3,0,6,0,2,11,15,0,6,3,4,1,419,87%,1,0,0,0,31,,5,7,11,50%,1,0,10,3,0,3,0,3,0,0,15,10,1,4,0,3,4,414,86%,0,0,0,3,24,,7,12,13
16/01/2021,18,TORINO,SPEZIA,0,0,X,66%,3,0,8,2,0,3,0,2,0,2,12,14,1,2,0,6,6,537,88%,3,0,0,1,36,,7,15,17,34%,1,0,6,3,0,2,0,3,0,0,14,12,0,3,0,0,2,231,75%,4,0,1,2,36,,4,10,6
16/01/2021,18,SAMPDORIA,UDINESE,2,1,1,53%,4,1,16,9,1,0,0,9,1,0,8,10,0,6,1,3,11,386,84%,1,0,0,2,47,,11,9,10,47%,5,0,14,7,0,4,0,6,0,1,11,8,1,7,0,4,5,309,80%,1,0,0,3,49,,9,7,15
16/01/2021,18,BOLOGNA,HELLAS VERONA,1,0,1,47%,1,1,18,6,1,5,0,5,1,2,15,9,0,6,0,1,7,314,73%,2,0,0,5,49,,10,11,14,53%,4,0,8,1,0,6,0,1,0,1,10,14,0,2,0,1,3,364,77%,1,0,0,2,55,,6,15,19
18/01/2021,18,CAGLIARI,MILAN,0,2,2,44%,4,0,17,2,0,7,0,2,0,2,9,12,0,4,0,0,7,346,84%,2,0,0,5,36,,20,18,17,56%,2,1,9,8,1,0,0,6,1,0,13,9,1,5,1,4,4,472,87%,1,1,0,2,54,,16,20,12
20/09/2020,1,JUVENTUS,SAMPDORIA,3,0,1,62%,2,0,19,9,1,5,0,8,0,1,15,8,1,11,1,3,6,653,90%,1,0,0,6,47,,16,14,14,38%,5,0,14,2,1,8,0,1,0,1,9,15,0,2,0,2,4,276,78%,1,0,0,1,37,,11,11,14
17/01/2021,18,SASSUOLO,PARMA,1,1,X,51%,1,1,15,6,1,6,0,5,0,3,18,11,1,3,0,3,5,463,89%,3,0,0,2,38,,12,13,14,49%,4,0,11,2,0,6,0,2,0,2,11,16,0,2,1,3,2,251,78%,2,0,0,1,57,,8,11,10
17/01/2021,18,CROTONE,BENEVENTO,4,1,1,48%,5,0,6,3,0,2,0,2,0,1,14,14,0,6,1,0,4,239,74%,1,0,0,1,64,,8,6,10,52%,0,0,14,6,0,5,1,4,1,1,14,14,0,6,0,2,13,372,82%,3,0,1,3,36,,9,16,15
17/01/2021,18,ATALANTA,GENOA,0,0,X,63%,3,0,15,4,0,7,1,4,0,0,15,13,1,5,0,0,9,550,81%,1,0,0,5,53,,14,18,21,37%,3,0,6,3,0,2,0,3,0,0,13,14,0,3,0,0,1,275,70%,2,0,0,2,69,,9,9,10
30/09/2020,1,UDINESE,SPEZIA,0,2,2,50%,0,0,11,5,0,5,0,4,0,2,13,16,1,5,0,6,2,369,83%,0,0,0,4,18,,18,18,15,50%,4,0,4,3,0,1,0,3,0,0,17,12,0,3,2,3,2,407,83%,3,1,0,1,45,,10,10,12
30/09/2020,1,LAZIO,ATALANTA,1,4,2,63%,2,0,13,8,0,3,0,7,0,0,16,10,1,8,1,0,7,526,83%,6,0,0,3,37,,12,9,18,37%,4,0,11,6,0,2,0,6,0,0,11,13,0,6,2,0,3,317,76%,3,0,0,2,48,,7,10,10
17/01/2021,18,INTER,JUVENTUS,2,0,1,48%,4,0,16,6,0,8,1,4,1,0,8,14,0,7,2,0,3,455,88%,2,0,0,3,37,,16,11,4,52%,4,0,8,4,0,2,0,3,1,1,14,8,0,2,0,3,4,474,90%,2,0,0,2,34,,8,13,7
09/01/2021,17,MILAN,TORINO,2,0,1,54%,2,1,8,4,1,2,0,3,0,1,22,13,0,3,1,1,7,335,84%,6,0,0,1,34,,17,12,11,46%,2,0,8,4,1,1,0,2,1,0,15,19,1,5,0,1,5,392,85%,2,0,0,3,38,,8,19,9
10/01/2021,17,PARMA,LAZIO,0,2,2,48%,3,0,9,3,0,2,0,1,0,1,11,7,0,2,0,0,5,385,83%,4,0,0,1,59,,7,9,15,52%,3,0,21,5,0,9,0,5,0,3,7,11,0,8,2,5,6,442,85%,1,0,0,5,42,,14,14,11
10/01/2021,17,FIORENTINA,CAGLIARI,1,0,1,47%,2,0,12,5,0,5,0,4,0,0,15,13,0,6,1,4,9,360,83%,1,0,0,3,43,,11,14,12,53%,4,1,9,3,1,4,0,3,0,1,14,14,0,5,0,1,5,332,80%,3,0,0,3,57,,6,10,11
11/01/2021,17,SPEZIA,SAMPDORIA,2,1,1,59%,2,1,8,4,1,2,0,4,1,1,17,14,0,6,1,4,4,407,78%,4,0,0,3,53,,10,10,10,41%,2,0,6,4,0,2,0,4,0,2,15,16,0,6,1,0,2,271,70%,3,0,0,2,40,,13,8,7
09/01/2021,17,GENOA,BOLOGNA,2,0,1,34%,4,0,9,7,0,1,0,6,0,1,11,9,0,5,1,2,1,220,65%,2,0,0,3,58,,8,10,11,66%,5,0,12,4,0,3,1,1,1,1,9,11,0,3,0,1,4,494,83%,0,0,0,2,40,,11,13,17
06/01/2021,16,CAGLIARI,BENEVENTO,1,2,2,69%,1,0,10,5,0,4,0,4,1,3,18,12,0,4,1,1,7,439,87%,4,0,1,1,41,,12,8,7,31%,4,0,9,3,0,3,0,3,1,1,12,18,0,4,2,2,6,253,77%,3,0,0,1,45,,18,3,4
10/01/2021,17,JUVENTUS,SASSUOLO,3,1,1,57%,1,0,20,10,0,7,0,8,1,1,11,4,1,11,2,0,6,574,92%,4,0,0,7,23,,16,12,13,43%,5,0,10,2,0,6,1,2,0,2,4,10,0,2,1,1,3,449,88%,1,0,1,0,37,,11,10,7
09/01/2021,17,BENEVENTO,ATALANTA,1,4,2,39%,9,0,4,2,0,1,0,1,0,1,13,20,0,2,1,0,1,268,72%,3,0,0,1,41,,7,12,9,61%,1,0,26,15,0,6,0,13,3,2,21,12,1,15,1,4,11,434,85%,2,0,0,9,39,,12,22,15
10/01/2021,17,ROMA,INTER,2,2,X,50%,4,0,14,8,0,1,0,4,0,0,18,9,0,6,2,1,3,482,88%,3,0,0,2,39,,7,12,17,50%,6,0,16,6,0,7,0,6,1,1,11,18,0,10,2,2,7,448,85%,3,0,0,8,35,,10,12,9
10/01/2021,17,HELLAS VERONA,CROTONE,2,1,1,47%,2,0,11,7,1,3,0,5,0,0,16,16,1,7,2,1,6,226,69%,3,0,0,5,44,,12,13,18,53%,4,0,7,3,0,2,0,1,0,0,16,16,0,1,1,0,4,341,76%,3,0,0,0,50,,20,12,11
06/01/2021,16,ATALANTA,PARMA,3,0,1,50%,1,0,17,6,0,8,0,6,0,2,10,5,0,8,3,3,12,461,87%,1,0,0,5,31,,13,16,10,50%,3,0,3,1,0,0,0,1,0,0,6,9,0,1,0,1,3,444,86%,1,0,0,0,58,,2,6,5
10/01/2021,17,UDINESE,NAPOLI,1,2,2,40%,4,0,17,8,0,8,0,6,0,3,19,5,0,10,0,0,2,320,81%,3,0,0,7,34,,11,4,7,60%,7,1,15,6,1,7,2,5,2,3,6,18,0,10,1,1,7,594,89%,1,0,0,4,24,,14,11,13
06/01/2021,16,CROTONE,ROMA,1,3,2,51%,1,0,12,5,0,5,0,5,1,0,15,17,0,6,1,0,3,430,82%,2,0,0,4,45,,12,11,15,49%,3,1,10,5,1,3,0,4,0,1,17,15,0,5,2,1,4,396,83%,3,0,0,2,39,,12,12,9
06/01/2021,16,BOLOGNA,UDINESE,2,2,X,40%,6,0,10,7,1,2,0,4,1,1,16,13,0,3,2,1,4,253,79%,2,1,0,1,47,,9,8,7,60%,5,0,12,9,0,2,0,7,0,0,13,15,1,9,1,2,6,444,87%,3,0,0,5,29,,12,19,15
Date,Round,Home_Team,Away_Team,Home_Goals,Away_Goals,Result,Home_Possesso_palla,Home_Parate,Home_Rigori,Home_Tiri_Totali,Home_Tiri_in_porta,Home_Tiri_in_porta_da_punizione,Home_Tiri_fuori,Home_Tiri_fuori_da_punizione,Home_Tiri_in_porta_da_area,Home_Tiri_in_porta_su_azione_da_palla_inattiva,Home_Tiri_fuori_su_azione_da_palla_inattiva,Home_Falli_commessi,Home_Falli_subiti,Home_Pali,Home_Occasioni_da_gol,Home_Assist_Totali,Home_Fuorigioco,Home_Corner,Home_Passaggi_riusciti,Home_Accuratezza_passaggi,Home_Ammonizioni,Home_Doppie_ammonizioni,Home_Espulsioni,Home_Passaggi_chiave,Home_Recuperi,Home_Ripartenze_da_Recupero,Home_Attacchi_centrali,Home_Attacchi_a_destra,Home_Attacchi_a_sinistra,Away_Possesso_palla,Away_Parate,Away_Rigori,Away_Tiri_Totali,Away_Tiri_in_porta,Away_Tiri_in_porta_da_punizione,Away_Tiri_fuori,Away_Tiri_fuori_da_punizione,Away_Tiri_in_porta_da_area,Away_Tiri_in_porta_su_azione_da_palla_inattiva,Away_Tiri_fuori_su_azione_da_palla_inattiva,Away_Falli_commessi,Away_Falli_subiti,Away_Pali,Away_Occasioni_da_gol,Away_Assist_Totali,Away_Fuorigioco,Away_Corner,Away_Passaggi_riusciti,Away_Accuratezza_passaggi,Away_Ammonizioni,Away_Doppie_ammonizioni,Away_Espulsioni,Away_Passaggi_chiave,Away_Recuperi,Away_Ripartenze_da_Recupero,Away_Attacchi_centrali,Away_Attacchi_a_destra,Away_Attacchi_a_sinistra
06/01/2021,16,MILAN,JUVENTUS,1,3,2,45%,6,0,18,8,0,8,1,4,0,1,17,12,0,5,1,1,7,327,87%,1,0,0,2,44,,12,14,12,55%,8,0,13,10,0,2,0,7,0,0,12,16,1,7,3,0,4,454,87%,2,0,0,3,35,,4,12,16
22/12/2020,14,CROTONE,PARMA,2,1,1,55%,6,0,10,6,0,2,1,4,1,0,16,20,0,3,2,2,3,268,77%,4,0,0,1,31,,8,13,14,45%,4,0,15,7,1,5,0,5,1,1,22,16,0,6,1,3,6,270,80%,6,0,0,3,39,,17,11,14
06/01/2021,16,SAMPDORIA,INTER,2,1,1,38%,7,1,8,6,1,0,0,5,1,0,13,16,1,3,1,1,4,235,73%,3,0,0,2,40,,9,3,6,62%,1,1,23,11,1,9,0,11,3,3,18,12,1,14,1,3,11,421,83%,4,0,0,9,32,,21,9,6
23/12/2020,14,MILAN,LAZIO,3,2,1,42%,6,1,13,5,1,4,0,5,2,0,9,12,0,8,2,2,4,260,78%,2,0,0,3,49,,11,6,8,58%,2,1,14,9,1,4,0,6,3,0,14,9,1,7,1,0,6,442,85%,4,0,0,3,41,,15,9,3
06/01/2021,16,SASSUOLO,GENOA,2,1,1,64%,1,0,13,6,1,4,0,4,0,0,14,10,1,5,1,0,8,568,88%,3,0,0,3,43,,21,10,21,36%,2,0,7,3,0,2,0,3,1,0,10,13,1,4,1,1,2,271,75%,3,0,0,2,48,,11,14,14
06/01/2021,16,NAPOLI,SPEZIA,1,2,2,57%,1,0,27,11,0,7,0,9,0,1,9,15,0,11,1,4,10,511,87%,2,0,0,7,31,,10,19,23,43%,8,1,8,4,1,2,0,4,0,0,16,9,1,3,0,2,2,288,79%,3,1,0,0,45,,14,13,10
06/01/2021,16,TORINO,HELLAS VERONA,1,1,X,47%,1,0,15,5,0,4,0,4,1,0,12,17,0,3,0,1,9,265,72%,1,0,0,1,44,,13,8,13,53%,3,0,8,2,0,3,0,2,0,1,18,11,0,1,1,3,3,345,76%,3,0,0,0,62,,7,13,17
23/12/2020,14,NAPOLI,TORINO,1,1,X,57%,2,0,15,6,1,6,0,4,0,1,19,15,0,3,1,3,4,568,90%,3,0,0,2,33,,11,14,17,43%,5,0,8,3,0,1,0,3,1,0,16,18,0,4,0,1,3,273,80%,3,0,0,3,48,,8,13,6
23/12/2020,14,HELLAS VERONA,INTER,1,2,2,42%,3,0,6,2,0,3,1,2,0,1,15,18,0,3,0,0,2,250,70%,4,0,0,1,62,,18,14,9,58%,1,0,11,5,0,4,0,4,0,2,19,15,0,7,2,0,7,422,82%,2,0,0,5,57,,17,23,10
22/12/2020,14,JUVENTUS,FIORENTINA,0,3,2,53%,4,0,10,3,0,3,0,1,0,0,9,18,0,4,0,3,5,421,89%,1,0,1,2,42,,15,7,7,47%,4,0,9,6,0,2,0,5,1,1,18,9,0,4,2,1,5,334,86%,4,0,0,0,27,,9,10,9
23/12/2020,14,ROMA,CAGLIARI,3,2,1,61%,0,0,14,9,1,4,0,7,3,0,18,20,0,9,2,1,6,453,84%,3,0,0,6,45,,19,11,10,39%,6,1,6,3,1,3,0,3,1,0,20,18,1,7,1,3,0,242,74%,2,0,0,4,50,,15,13,9
23/12/2020,14,BOLOGNA,ATALANTA,2,2,X,45%,4,0,8,5,0,2,0,3,0,0,12,14,0,4,2,0,1,397,80%,2,0,0,2,49,,13,16,15,55%,2,1,9,6,1,2,0,6,1,0,14,12,0,5,0,2,5,476,85%,2,0,0,2,32,,19,19,17
03/01/2021,15,CAGLIARI,NAPOLI,1,4,2,42%,8,0,7,1,0,5,0,1,0,1,11,6,0,3,0,0,3,302,83%,2,1,0,1,35,,3,10,11,58%,0,1,30,12,1,10,2,9,1,1,6,10,0,12,2,0,8,558,93%,1,0,0,4,33,,11,17,14
03/01/2021,15,GENOA,LAZIO,1,1,X,35%,3,0,8,3,0,2,0,2,0,0,11,18,0,3,1,2,4,259,73%,2,0,0,2,53,,13,12,9,65%,2,1,13,4,1,6,1,1,0,1,18,11,0,5,0,2,9,451,84%,4,0,0,4,53,,14,13,15
23/12/2020,14,SAMPDORIA,SASSUOLO,2,3,2,51%,5,0,19,6,0,8,0,5,1,4,10,10,0,9,2,1,14,287,77%,2,0,1,5,46,,9,15,19,49%,4,0,12,8,0,2,0,7,0,0,12,9,0,9,0,2,6,369,81%,4,0,0,6,57,,17,9,13
23/12/2020,14,UDINESE,BENEVENTO,0,2,2,66%,0,0,9,3,0,5,0,1,0,0,20,11,1,3,0,1,7,445,88%,1,0,0,3,47,,6,14,19,34%,2,0,4,2,0,1,0,2,0,0,12,20,0,2,2,1,1,244,74%,2,0,0,0,50,,5,7,8
23/12/2020,14,SPEZIA,GENOA,1,2,2,65%,3,0,8,5,0,2,0,3,0,0,19,19,0,4,1,1,4,532,83%,3,0,0,2,30,,8,12,11,35%,3,1,7,6,1,1,0,6,1,0,20,19,0,5,1,4,2,203,68%,4,0,0,1,47,,12,7,8
03/01/2021,15,ATALANTA,SASSUOLO,5,1,1,49%,3,0,21,8,0,12,0,7,0,2,13,9,1,7,4,1,8,328,78%,3,0,0,4,51,,14,18,17,51%,2,0,9,4,0,3,0,3,0,0,9,11,0,3,0,1,4,420,82%,1,0,0,2,62,,10,10,16
03/01/2021,15,INTER,CROTONE,6,2,1,48%,1,0,14,8,0,5,0,8,0,2,9,7,0,8,4,3,3,403,85%,0,0,0,3,21,,14,14,18,52%,3,1,9,4,1,3,0,4,0,0,7,8,0,6,1,0,3,450,87%,3,0,0,2,37,,7,13,10
03/01/2021,15,FIORENTINA,BOLOGNA,0,0,X,45%,4,0,10,1,0,9,0,1,0,0,8,10,1,3,0,2,8,362,85%,4,0,0,1,33,,8,7,16,55%,1,0,6,4,0,1,0,1,0,0,11,8,0,5,0,1,5,432,87%,3,0,0,3,48,,7,8,8
03/01/2021,15,BENEVENTO,MILAN,0,2,2,51%,0,1,24,7,0,7,1,5,0,1,9,14,1,8,0,1,12,433,87%,1,0,0,7,27,,12,23,22,49%,6,1,10,5,1,3,0,3,0,0,14,9,3,6,1,2,4,276,82%,3,0,1,4,57,,11,14,10
03/01/2021,15,PARMA,TORINO,0,3,2,59%,3,0,15,6,0,9,0,4,3,3,20,15,0,8,0,1,9,418,82%,2,0,0,4,45,,18,5,4,41%,6,0,14,8,0,6,3,7,1,0,16,18,0,7,3,0,3,303,77%,2,0,0,4,53,,14,6,3
19/12/2020,13,PARMA,JUVENTUS,0,4,2,37%,3,0,9,5,1,4,0,3,1,0,8,10,0,4,0,4,4,341,86%,0,0,0,3,44,,9,8,5,63%,5,0,14,7,0,5,0,7,1,2,10,8,0,10,4,3,9,615,92%,1,0,0,3,33,,21,6,10
03/01/2021,15,ROMA,SAMPDORIA,1,0,1,64%,2,0,16,8,0,4,0,7,1,1,18,13,1,12,1,2,9,509,85%,3,0,0,10,54,,13,12,17,36%,5,0,4,2,0,0,0,1,1,0,14,17,0,2,0,7,2,222,69%,5,0,0,2,45,,10,9,6
03/01/2021,15,JUVENTUS,UDINESE,4,1,1,60%,2,0,16,10,0,3,0,7,1,0,14,7,0,7,4,1,7,609,91%,3,0,0,3,37,,13,13,13,40%,6,0,10,7,0,1,0,7,0,0,8,13,3,4,0,0,1,321,83%,0,0,0,2,31,,6,12,11
03/01/2021,15,SPEZIA,HELLAS VERONA,0,1,2,54%,2,0,6,1,0,5,0,1,0,3,22,10,0,4,0,1,3,314,72%,4,1,0,2,54,,23,17,17,46%,1,0,11,4,0,5,0,4,0,1,10,21,0,7,1,9,5,265,70%,0,0,0,4,72,,8,12,26
20/12/2020,13,CAGLIARI,UDINESE,1,1,X,55%,3,0,10,3,1,4,0,1,0,0,13,13,0,2,0,0,5,404,82%,2,0,0,0,41,,17,14,21,45%,2,0,13,5,0,6,0,5,0,0,13,12,0,7,1,2,8,358,84%,1,0,0,4,48,,17,19,14
20/12/2020,13,SASSUOLO,MILAN,1,2,2,67%,3,0,13,6,0,5,0,3,0,0,11,11,0,5,0,0,6,542,90%,1,0,0,4,31,,9,18,10,33%,4,0,11,5,2,4,0,2,0,0,12,11,0,5,2,4,4,221,78%,3,0,0,2,42,,11,13,10
19/12/2020,13,FIORENTINA,HELLAS VERONA,1,1,X,60%,2,1,7,1,1,4,0,1,0,1,10,16,0,2,0,2,4,312,72%,2,0,0,1,67,,9,18,18,40%,0,1,5,3,1,2,0,2,0,1,16,10,0,2,0,2,1,174,60%,2,0,0,1,77,,5,10,7
19/12/2020,13,SAMPDORIA,CROTONE,3,1,1,44%,1,0,10,4,0,2,0,3,1,1,14,15,0,5,2,3,3,286,76%,2,0,0,2,64,,10,15,13,56%,1,1,6,3,1,2,0,2,0,0,15,14,0,5,0,0,1,446,80%,2,0,0,3,33,,10,11,11
20/12/2020,13,TORINO,BOLOGNA,1,1,X,54%,6,0,13,5,1,3,0,3,0,3,16,17,0,3,0,3,4,342,80%,1,0,0,2,54,,6,14,15,46%,4,0,14,9,0,3,0,4,0,1,17,16,1,5,1,2,8,315,80%,3,0,0,1,37,,10,11,13
20/12/2020,13,BENEVENTO,GENOA,2,0,1,40%,2,1,13,3,1,7,2,3,0,4,9,22,0,2,1,2,6,242,74%,1,0,0,0,57,,7,14,11,60%,1,0,8,2,0,4,0,0,0,2,22,9,0,1,0,2,5,372,81%,3,0,0,0,42,,8,12,11
15/12/2020,12,UDINESE,CROTONE,0,0,X,57%,2,0,13,6,0,2,0,4,1,1,13,16,0,4,0,5,9,363,85%,1,0,0,4,21,,13,14,17,43%,6,0,4,2,1,2,0,1,0,0,17,12,0,0,0,1,1,291,78%,4,0,0,0,44,,7,4,6
20/12/2020,13,INTER,SPEZIA,2,1,1,41%,0,1,9,5,1,3,0,5,0,2,10,8,0,4,1,1,3,386,86%,1,0,0,1,36,,7,13,11,59%,3,0,7,1,0,6,1,1,0,1,9,10,0,2,1,2,2,543,87%,2,0,0,1,33,,5,5,14
16/12/2020,12,JUVENTUS,ATALANTA,1,1,X,54%,5,1,12,7,1,4,0,6,1,0,13,18,0,7,0,2,2,446,86%,3,0,0,4,52,,10,10,10,46%,6,0,14,6,1,5,1,2,0,0,18,13,0,5,0,0,6,359,82%,2,0,0,4,37,,6,13,15
20/12/2020,13,LAZIO,NAPOLI,2,0,1,43%,6,0,9,2,0,7,0,2,0,4,12,8,0,4,2,2,4,307,83%,4,0,0,1,45,,8,5,7,57%,0,0,11,6,0,1,0,4,1,1,8,12,0,4,0,1,9,498,87%,3,0,0,2,29,,12,16,7
20/12/2020,13,ATALANTA,ROMA,4,1,1,56%,2,0,12,8,0,1,0,5,0,0,15,14,0,6,2,1,2,473,85%,2,0,0,1,27,,23,22,20,44%,3,0,5,4,1,1,0,2,0,0,14,14,1,4,1,1,2,365,81%,3,0,0,2,53,,17,13,13
16/12/2020,12,PARMA,CAGLIARI,0,0,X,57%,4,0,15,3,0,7,0,2,1,1,13,11,0,3,0,7,8,426,86%,1,0,0,3,39,,8,19,15,43%,3,0,7,4,0,1,0,3,0,0,11,12,0,0,0,0,5,318,83%,1,0,0,0,46,,8,15,18
16/12/2020,12,GENOA,MILAN,2,2,X,41%,2,0,8,4,0,2,0,4,0,1,17,13,0,5,1,1,4,291,76%,2,0,0,3,57,,11,11,15,59%,2,0,12,4,1,4,0,3,0,1,13,17,0,5,2,0,10,407,79%,3,0,0,2,32,,14,25,19
05/12/2020,10,SPEZIA,LAZIO,1,2,2,59%,0,0,13,6,1,5,0,4,0,2,15,12,2,6,1,2,7,562,87%,3,0,0,3,28,,9,12,21,41%,4,0,3,2,1,1,0,1,0,1,12,15,0,2,1,4,0,260,76%,1,0,0,0,43,,8,8,9
05/12/2020,10,JUVENTUS,TORINO,2,1,1,61%,1,0,13,5,0,4,0,4,1,2,17,10,0,3,2,3,13,518,87%,3,0,1,1,36,,10,11,26,39%,2,0,6,2,0,3,0,2,1,0,10,16,0,2,0,0,1,254,77%,3,0,0,1,63,,5,10,9
16/12/2020,12,FIORENTINA,SASSUOLO,1,1,X,47%,4,1,13,7,1,5,1,5,0,0,19,11,1,6,0,5,4,230,76%,4,0,0,3,30,,7,15,9,53%,4,0,12,7,0,5,1,5,0,0,11,17,1,4,1,3,1,577,91%,4,0,0,2,35,,9,14,12
15/12/2020,12,BENEVENTO,LAZIO,1,1,X,37%,1,0,10,6,0,1,0,5,2,0,15,14,0,5,0,1,4,282,80%,2,0,1,3,33,,8,9,11,63%,5,0,11,3,0,5,0,2,0,0,15,14,1,4,1,1,8,568,91%,2,0,0,3,44,,12,19,20
16/12/2020,12,HELLAS VERONA,SAMPDORIA,1,2,2,56%,1,1,9,6,1,0,0,3,1,0,20,16,0,5,0,1,6,387,74%,2,0,1,1,58,,7,9,14,44%,4,0,9,3,0,3,0,2,1,0,17,20,0,4,0,0,3,289,71%,4,0,0,2,75,,13,18,8
06/12/2020,10,HELLAS VERONA,CAGLIARI,1,1,X,49%,3,0,14,6,0,6,0,4,0,3,11,14,2,8,1,3,7,344,82%,2,0,0,5,57,,9,10,15,51%,4,0,11,5,0,4,0,4,0,0,14,11,1,4,1,0,5,295,75%,0,0,0,3,54,,9,14,10
16/12/2020,12,INTER,NAPOLI,1,0,1,42%,4,1,4,2,1,1,0,2,0,0,16,9,0,3,0,1,4,374,88%,5,0,0,2,34,,4,17,9,58%,1,0,10,5,0,4,0,5,0,0,9,15,1,6,0,4,3,573,92%,3,0,1,5,28,,7,18,11
05/12/2020,10,INTER,BOLOGNA,3,1,1,48%,6,0,14,9,0,2,0,9,1,0,12,11,0,12,1,2,7,391,85%,1,0,0,8,33,,25,15,14,52%,4,0,10,7,0,2,0,4,0,0,13,12,0,1,1,0,3,497,88%,2,0,0,1,29,,18,14,15
16/12/2020,12,SPEZIA,BOLOGNA,2,2,X,46%,4,0,7,5,0,2,0,4,0,0,19,11,2,7,1,4,3,239,68%,6,0,0,5,45,,16,16,9,54%,1,1,9,6,2,3,0,3,1,0,11,18,0,7,1,3,4,344,77%,1,0,0,2,55,,18,13,18
17/12/2020,12,ROMA,TORINO,3,1,1,59%,5,1,14,8,1,2,0,8,1,0,21,16,0,11,1,0,4,576,89%,4,0,0,6,19,,16,5,8,41%,4,0,16,8,1,4,1,5,0,2,16,20,1,6,0,1,2,321,85%,1,1,0,3,33,,9,4,3
06/12/2020,10,ROMA,SASSUOLO,0,0,X,47%,2,0,14,5,0,7,0,5,0,2,10,11,1,3,0,1,12,325,83%,3,1,0,2,33,,5,8,13,53%,2,0,6,2,1,3,1,1,0,1,12,9,0,3,0,3,5,472,88%,3,0,0,2,38,,8,12,15
06/12/2020,10,CROTONE,NAPOLI,0,4,2,40%,2,0,5,1,0,3,0,1,0,0,14,9,0,2,0,0,4,379,86%,3,0,1,1,16,,6,7,7,60%,1,0,12,6,0,5,1,6,0,0,9,13,0,8,4,1,1,652,92%,3,0,0,4,26,,15,6,6
06/12/2020,10,PARMA,BENEVENTO,0,0,X,54%,4,0,7,0,0,6,0,0,0,2,13,12,0,2,0,0,6,474,88%,4,0,0,2,52,,5,12,22,46%,0,0,6,4,1,2,0,3,0,0,12,13,0,2,0,2,3,329,83%,4,0,0,1,37,,2,13,18
07/12/2020,10,FIORENTINA,GENOA,1,1,X,55%,2,0,18,8,1,8,0,6,0,1,7,20,0,8,0,1,5,483,84%,2,0,0,7,35,,19,5,8,45%,6,0,3,3,0,0,0,3,0,0,20,6,0,4,1,2,1,283,77%,2,0,0,2,68,,10,9,2
06/12/2020,10,SAMPDORIA,MILAN,1,2,2,40%,2,0,8,3,0,3,0,2,1,0,11,15,0,4,1,1,9,199,67%,2,0,0,2,51,,7,5,11,60%,2,1,12,6,1,3,0,6,0,1,16,10,2,7,1,2,6,453,84%,1,0,0,4,52,,19,8,4
12/12/2020,11,CROTONE,SPEZIA,4,1,1,47%,4,0,8,7,0,0,0,7,0,0,16,13,0,6,3,4,1,238,72%,3,0,0,1,33,,9,11,14,53%,3,0,10,5,0,4,0,4,0,1,14,16,0,4,0,5,4,395,83%,3,0,0,2,34,,10,14,12
12/12/2020,11,TORINO,UDINESE,2,3,2,59%,0,0,7,5,1,1,1,3,0,0,9,17,1,3,2,1,2,491,84%,3,0,0,0,29,,10,13,13,41%,2,0,9,3,0,2,0,3,0,0,17,9,0,4,3,3,2,298,81%,3,0,0,1,56,,8,9,12
13/12/2020,11,CAGLIARI,INTER,1,3,2,44%,8,0,7,2,0,3,0,2,0,0,10,17,0,4,0,1,3,340,82%,2,0,0,2,46,,8,9,14,56%,2,0,20,11,0,5,0,9,3,0,17,9,0,11,1,1,9,495,88%,1,0,0,6,33,,8,18,13
11/12/2020,11,SASSUOLO,BENEVENTO,1,0,1,45%,4,1,6,2,1,2,0,2,0,0,12,12,0,1,0,0,1,357,85%,2,0,1,0,47,,11,8,19,55%,1,0,24,7,0,10,0,7,1,2,14,12,1,10,0,2,10,370,87%,4,0,0,7,22,,15,23,21
12/12/2020,11,LAZIO,HELLAS VERONA,1,2,2,60%,2,0,11,5,0,3,0,5,1,0,13,15,0,7,1,0,5,435,79%,5,0,0,4,43,,17,7,9,40%,4,0,4,3,0,0,0,3,0,0,15,12,0,5,0,4,3,284,75%,3,0,0,4,75,,7,2,12
13/12/2020,11,ATALANTA,FIORENTINA,3,0,1,52%,4,0,14,10,1,0,0,9,2,0,17,13,0,9,2,3,11,428,86%,1,0,0,6,53,,9,10,18,48%,5,0,3,2,0,1,0,2,0,1,13,16,1,1,0,0,2,347,80%,2,0,0,2,47,,4,12,7
13/12/2020,11,NAPOLI,SAMPDORIA,2,1,1,64%,1,0,17,8,0,5,0,7,0,0,7,12,1,6,2,1,7,682,89%,3,0,0,4,27,,7,17,19,36%,5,0,7,3,0,1,0,2,1,1,13,7,0,3,1,5,5,286,78%,4,0,0,1,50,,4,15,9
13/12/2020,11,GENOA,JUVENTUS,1,3,2,29%,6,0,3,2,0,0,0,2,0,0,14,13,0,2,1,1,0,188,68%,3,0,0,1,49,,5,2,3,71%,1,2,17,9,2,6,0,8,1,2,14,14,0,8,1,3,10,547,88%,3,0,0,4,40,,23,13,11
13/12/2020,11,BOLOGNA,ROMA,1,5,2,55%,3,0,6,1,0,3,1,1,0,0,16,9,0,3,0,7,1,397,84%,4,0,0,2,38,,15,11,6,45%,1,0,13,8,0,5,0,6,0,2,9,16,1,12,4,3,5,335,81%,2,0,0,8,55,,9,11,14
Date,Round,Home_Team,Away_Team,Home_Goals,Away_Goals,Result,Home_Possesso_palla,Home_Parate,Home_Rigori,Home_Tiri_Totali,Home_Tiri_in_porta,Home_Tiri_in_porta_da_punizione,Home_Tiri_fuori,Home_Tiri_fuori_da_punizione,Home_Tiri_in_porta_da_area,Home_Tiri_in_porta_su_azione_da_palla_inattiva,Home_Tiri_fuori_su_azione_da_palla_inattiva,Home_Falli_commessi,Home_Falli_subiti,Home_Pali,Home_Occasioni_da_gol,Home_Assist_Totali,Home_Fuorigioco,Home_Corner,Home_Passaggi_riusciti,Home_Accuratezza_passaggi,Home_Ammonizioni,Home_Doppie_ammonizioni,Home_Espulsioni,Home_Passaggi_chiave,Home_Recuperi,Home_Ripartenze_da_Recupero,Home_Attacchi_centrali,Home_Attacchi_a_destra,Home_Attacchi_a_sinistra,Away_Possesso_palla,Away_Parate,Away_Rigori,Away_Tiri_Totali,Away_Tiri_in_porta,Away_Tiri_in_porta_da_punizione,Away_Tiri_fuori,Away_Tiri_fuori_da_punizione,Away_Tiri_in_porta_da_area,Away_Tiri_in_porta_su_azione_da_palla_inattiva,Away_Tiri_fuori_su_azione_da_palla_inattiva,Away_Falli_commessi,Away_Falli_subiti,Away_Pali,Away_Occasioni_da_gol,Away_Assist_Totali,Away_Fuorigioco,Away_Corner,Away_Passaggi_riusciti,Away_Accuratezza_passaggi,Away_Ammonizioni,Away_Doppie_ammonizioni,Away_Espulsioni,Away_Passaggi_chiave,Away_Recuperi,Away_Ripartenze_da_Recupero,Away_Attacchi_centrali,Away_Attacchi_a_destra,Away_Attacchi_a_sinistra
21/11/2020,8,CROTONE,LAZIO,0,2,2,51%,7,0,13,7,0,5,0,2,0,1,11,11,1,1,0,2,2,329,70%,3,0,0,1,52,,10,18,17,49%,6,0,13,9,0,4,1,8,1,0,11,11,0,8,2,2,6,303,66%,4,0,0,4,59,,10,14,10
21/11/2020,8,SPEZIA,ATALANTA,0,0,X,55%,4,0,8,3,0,3,0,2,0,0,19,18,1,2,0,2,1,437,77%,3,0,0,1,44,,7,13,12,45%,2,0,10,5,0,4,0,4,0,2,18,17,1,6,0,5,2,343,76%,3,0,0,5,63,,8,16,15
21/11/2020,8,JUVENTUS,CAGLIARI,2,0,1,62%,0,0,19,8,0,5,0,5,2,1,11,7,1,8,2,2,9,682,91%,3,0,0,5,32,,18,6,9,38%,5,0,3,0,0,2,0,0,0,0,7,11,0,0,0,1,1,319,83%,2,0,0,0,34,,6,7,5
22/11/2020,8,HELLAS VERONA,SASSUOLO,0,2,2,51%,3,0,17,7,1,6,0,4,1,2,13,19,4,7,0,6,7,310,76%,1,0,0,5,42,,10,13,21,49%,3,0,12,5,1,5,1,3,0,0,20,13,0,3,1,0,1,308,76%,3,0,0,1,54,,9,10,9
22/11/2020,8,FIORENTINA,BENEVENTO,0,1,2,58%,3,0,5,3,0,2,0,3,1,1,14,16,0,3,0,3,4,450,84%,2,0,0,2,34,,8,13,17,42%,3,0,13,4,1,6,0,3,1,0,16,14,0,5,1,2,4,233,74%,3,0,0,2,47,,12,10,13
22/11/2020,8,ROMA,PARMA,3,0,1,58%,1,0,15,7,0,5,0,5,0,0,5,4,1,11,3,1,4,641,91%,0,0,0,6,24,,21,11,13,42%,4,0,1,1,0,0,0,1,0,0,4,5,0,1,0,4,1,443,88%,0,0,0,1,42,,11,4,8
22/11/2020,8,SAMPDORIA,BOLOGNA,1,2,2,45%,2,0,9,4,0,4,0,3,1,0,12,7,0,4,1,2,9,299,74%,2,0,0,3,49,,11,20,15,55%,3,0,9,5,0,2,0,5,0,0,9,12,2,6,1,5,10,414,82%,2,0,0,2,58,,11,18,21
22/11/2020,8,INTER,TORINO,4,2,1,57%,4,1,9,7,1,2,0,6,0,1,20,12,2,7,2,4,1,450,88%,3,0,0,2,29,,10,13,7,43%,1,1,11,6,2,5,0,4,1,0,14,20,0,4,1,0,1,361,85%,2,0,0,3,53,,10,7,6
22/11/2020,8,UDINESE,GENOA,1,0,1,50%,1,0,9,4,1,3,0,1,0,1,17,14,1,2,1,0,4,357,84%,2,0,0,0,61,,13,7,4,50%,2,0,9,1,0,4,0,1,0,0,15,17,0,2,0,2,8,405,82%,3,0,1,1,34,,16,6,4
22/11/2020,8,NAPOLI,MILAN,1,3,2,59%,4,0,19,9,0,7,0,9,2,0,8,16,1,7,0,1,8,527,88%,1,1,0,3,28,,17,13,17,41%,6,0,14,7,0,4,0,6,1,1,16,8,0,7,3,3,5,289,81%,4,0,0,3,49,,17,5,8
28/11/2020,9,SASSUOLO,INTER,0,3,2,61%,2,0,11,3,0,4,0,2,0,1,13,16,1,2,0,1,6,643,92%,3,0,0,2,28,,13,14,16,39%,2,0,10,4,0,5,0,4,0,0,16,11,0,4,2,2,2,302,81%,1,0,0,2,50,,9,12,7
28/11/2020,9,BENEVENTO,JUVENTUS,1,1,X,37%,4,0,9,5,0,3,0,4,0,1,13,12,0,3,0,2,5,266,75%,6,0,0,1,50,,7,6,12,63%,4,0,15,5,0,6,1,3,0,1,13,11,0,5,1,5,8,568,89%,1,0,1,4,44,,11,17,21
28/11/2020,9,ATALANTA,HELLAS VERONA,0,2,2,58%,0,0,15,6,0,9,0,6,1,1,12,15,0,10,0,2,4,460,81%,2,0,0,9,53,,27,7,4,42%,5,1,7,3,1,4,0,2,0,0,15,12,1,4,1,2,1,312,76%,3,0,0,3,59,,7,8,8
29/11/2020,9,BOLOGNA,CROTONE,1,0,1,47%,1,0,11,7,0,4,0,6,2,0,15,18,1,4,0,4,10,301,77%,2,0,0,3,47,,8,10,11,53%,6,0,6,1,0,4,0,1,0,0,18,15,0,2,0,2,3,312,77%,4,0,0,1,55,,4,11,7
29/11/2020,9,LAZIO,UDINESE,1,3,2,51%,1,1,11,6,1,2,0,4,0,0,16,10,0,3,0,3,4,463,85%,3,0,0,2,34,,11,10,22,49%,5,0,9,4,0,2,0,3,1,2,10,15,1,5,2,0,4,363,82%,4,0,0,2,49,,9,9,10
29/11/2020,9,MILAN,FIORENTINA,2,0,1,48%,3,2,12,5,2,6,0,4,0,2,15,13,1,8,1,1,3,315,79%,2,0,0,2,53,,14,18,11,52%,2,0,5,3,0,2,0,3,1,1,15,14,1,3,0,2,6,409,81%,4,0,0,3,50,,9,21,21
29/11/2020,9,CAGLIARI,SPEZIA,2,2,X,46%,3,0,11,4,0,5,1,4,0,0,16,17,0,4,1,1,4,238,72%,0,0,0,2,50,,7,11,11,54%,2,1,12,5,1,7,0,5,0,2,18,15,0,4,1,6,5,425,80%,4,0,0,2,46,,8,16,9
29/11/2020,9,NAPOLI,ROMA,4,0,1,54%,1,0,16,9,1,4,0,5,0,0,3,10,0,7,1,4,11,471,87%,1,0,0,2,26,,20,5,4,46%,5,0,7,1,0,3,0,1,0,1,11,3,0,2,0,3,4,389,86%,2,0,0,2,36,,10,1,8
30/11/2020,9,GENOA,PARMA,1,2,2,51%,1,0,12,5,0,7,0,4,0,0,12,16,0,6,0,4,2,373,80%,2,0,0,4,38,,31,15,19,49%,4,0,8,3,0,4,0,3,0,0,16,11,1,6,1,6,2,351,79%,2,0,0,4,63,,22,24,12
30/11/2020,9,TORINO,SAMPDORIA,2,2,X,54%,0,0,13,8,1,3,0,6,1,1,17,16,0,9,2,5,6,445,87%,1,0,0,3,39,,18,11,17,46%,6,0,9,2,0,5,0,2,0,0,17,14,0,2,1,3,2,372,81%,2,0,0,0,45,,13,11,15
31/10/2020,6,CROTONE,ATALANTA,1,2,2,42%,5,0,5,2,1,2,0,1,0,0,11,20,0,3,0,2,1,345,78%,1,0,0,0,31,,7,6,1,58%,1,0,18,7,0,9,0,7,0,0,22,10,0,10,2,1,3,535,86%,3,0,0,7,52,,27,5,7
01/11/2020,6,TORINO,LAZIO,3,4,2,45%,0,1,10,6,1,2,1,5,2,0,11,12,1,5,1,2,7,382,87%,2,0,0,1,37,,10,8,15,55%,2,1,10,5,2,4,0,4,0,0,12,9,0,7,1,3,1,472,88%,4,0,0,2,39,,21,11,12
01/11/2020,6,NAPOLI,SASSUOLO,0,2,2,44%,3,0,23,7,1,11,0,5,1,3,7,8,0,3,0,3,12,390,85%,2,0,0,2,27,,11,16,18,56%,7,1,9,5,1,3,0,4,0,1,9,6,0,4,0,0,3,559,89%,2,0,0,1,42,,5,8,14
01/11/2020,6,SAMPDORIA,GENOA,1,1,X,58%,3,0,10,3,0,6,1,3,0,1,19,10,1,5,0,1,7,409,82%,5,0,0,3,37,,8,9,12,42%,2,0,9,4,0,3,0,4,1,0,11,18,0,2,1,5,4,323,78%,1,0,0,1,53,,12,2,6
01/11/2020,6,ROMA,FIORENTINA,2,0,1,43%,1,0,16,7,0,4,0,6,1,1,17,16,0,9,1,2,7,307,80%,3,0,0,6,58,,20,11,13,57%,4,0,6,1,0,2,0,1,0,0,16,17,0,2,0,1,4,469,84%,2,0,1,2,39,,10,9,19
31/10/2020,6,INTER,PARMA,2,2,X,64%,1,0,22,9,0,9,0,6,2,1,13,7,0,8,2,3,15,522,88%,1,0,0,5,41,,15,14,31,36%,7,0,5,3,0,1,0,2,0,0,7,12,0,2,2,2,2,188,68%,1,0,0,0,72,,5,5,6
02/11/2020,6,HELLAS VERONA,BENEVENTO,3,1,1,43%,4,0,13,7,0,3,0,5,0,1,20,14,1,7,3,0,4,271,74%,5,0,0,3,58,,6,8,13,57%,3,0,14,5,0,5,0,4,0,1,14,20,0,7,1,0,5,368,79%,4,0,1,4,40,,11,13,10
06/11/2020,7,SASSUOLO,UDINESE,0,0,X,59%,0,0,4,1,0,2,0,0,0,1,17,12,0,0,0,1,3,513,89%,2,0,0,0,44,,11,11,8,41%,1,0,1,0,0,0,0,0,0,0,13,17,0,1,0,5,6,271,81%,2,0,0,1,28,,5,13,9
07/11/2020,7,BENEVENTO,SPEZIA,0,3,2,37%,3,0,4,3,0,1,0,3,1,0,13,17,1,2,0,6,2,257,78%,3,0,0,2,36,,7,8,9,63%,2,0,13,7,0,5,0,6,1,1,18,13,1,6,3,3,4,470,84%,3,0,0,2,42,,7,13,14
01/11/2020,6,SPEZIA,JUVENTUS,1,4,2,42%,0,0,14,3,0,8,0,2,1,1,14,7,0,3,1,3,4,366,86%,3,0,0,2,22,,8,8,14,58%,2,1,8,5,1,3,0,5,0,0,7,14,0,7,3,5,3,492,88%,1,0,0,3,29,,13,9,10
07/11/2020,7,CAGLIARI,SAMPDORIA,2,0,1,57%,1,1,13,7,1,4,0,6,0,0,12,16,1,5,1,4,2,468,84%,0,0,0,3,39,,7,13,12,43%,4,0,5,1,0,2,0,0,0,1,16,12,0,0,0,5,6,346,81%,2,0,1,0,42,,6,13,18
01/11/2020,6,UDINESE,MILAN,1,2,2,47%,2,1,11,3,1,4,0,1,0,0,14,12,0,2,0,2,2,312,80%,2,0,0,1,41,,5,13,13,53%,2,0,11,4,0,4,2,3,0,0,12,14,0,3,1,3,4,525,88%,2,0,0,1,43,,14,9,17
07/11/2020,7,PARMA,FIORENTINA,0,0,X,39%,4,0,5,0,0,3,1,0,0,0,17,16,0,0,0,3,2,336,85%,1,0,0,0,32,,7,3,7,61%,0,0,6,4,1,1,0,1,0,0,17,16,0,1,0,0,3,636,90%,2,0,0,1,20,,8,6,15
31/10/2020,6,BOLOGNA,CAGLIARI,3,2,1,54%,2,0,21,11,2,5,1,6,1,1,12,18,0,8,3,2,7,352,79%,3,0,0,5,42,,8,14,13,46%,7,0,8,4,0,2,0,4,0,0,19,10,0,4,2,2,3,293,74%,3,0,0,2,53,,6,20,13
08/11/2020,7,ATALANTA,INTER,1,1,X,52%,2,0,9,4,0,3,0,3,0,0,15,12,0,4,1,1,2,484,89%,1,0,0,2,31,,11,9,7,48%,3,0,10,3,0,6,0,3,0,0,13,15,0,4,1,0,5,422,86%,3,0,0,2,25,,6,5,8
08/11/2020,7,LAZIO,JUVENTUS,1,1,X,54%,4,0,9,3,0,4,0,3,0,0,12,11,0,4,1,0,4,502,87%,2,0,0,3,26,,8,9,22,46%,2,0,10,6,1,3,0,4,0,1,12,12,1,5,1,2,2,438,88%,2,0,0,3,56,,8,7,12
08/11/2020,7,TORINO,CROTONE,0,0,X,48%,2,0,5,1,0,1,0,0,0,0,15,14,1,2,0,2,6,360,85%,3,0,0,1,45,,6,10,14,52%,1,0,9,2,0,5,1,2,0,0,16,12,0,1,0,2,3,376,83%,2,1,0,0,38,,7,12,15
08/11/2020,7,GENOA,ROMA,1,3,2,47%,7,0,7,5,0,1,0,4,0,0,10,10,0,4,1,2,1,435,83%,1,0,0,4,45,,15,14,7,53%,4,0,18,11,0,4,0,9,0,0,11,10,1,7,3,2,8,412,83%,0,0,0,8,51,,15,16,15
23/10/2020,5,SASSUOLO,TORINO,3,3,X,62%,8,0,18,9,0,4,0,7,0,1,10,11,0,8,3,1,6,633,91%,2,0,0,4,34,,12,10,26,38%,4,0,17,12,0,2,0,11,2,1,12,10,1,11,3,0,8,201,80%,2,0,0,5,40,,18,10,10
24/10/2020,5,ATALANTA,SAMPDORIA,1,3,2,69%,1,1,16,5,1,5,1,5,0,1,11,17,0,5,0,1,3,577,88%,3,0,0,3,42,,8,19,12,31%,4,1,6,4,1,1,0,4,0,1,18,10,0,5,3,0,1,245,73%,4,0,0,1,61,,4,5,8
24/10/2020,5,LAZIO,BOLOGNA,2,1,1,50%,4,0,7,4,0,2,0,2,1,0,14,14,0,4,1,3,8,365,82%,3,0,0,2,58,,10,4,9,50%,1,0,18,6,1,10,0,4,1,1,15,14,1,6,1,2,9,401,85%,3,0,0,3,43,,23,1,3
25/10/2020,5,FIORENTINA,UDINESE,3,2,1,47%,4,0,4,3,0,1,0,3,0,0,16,13,0,3,3,1,2,283,80%,1,0,0,0,48,,4,11,7,53%,0,0,13,6,0,5,0,5,1,3,14,14,0,6,2,7,7,354,85%,3,0,0,3,33,,9,18,13
24/10/2020,5,GENOA,INTER,0,2,2,39%,2,0,1,0,0,1,0,0,0,0,11,16,0,0,0,2,1,326,77%,1,0,0,0,58,,5,6,4,61%,0,0,13,6,0,4,0,3,1,1,17,11,0,6,2,2,9,567,87%,1,0,0,4,40,,7,17,12
26/10/2020,5,MILAN,ROMA,3,3,X,56%,6,1,14,11,3,2,0,7,3,2,15,15,1,8,2,7,7,436,87%,3,0,0,5,35,,11,11,8,44%,6,1,14,9,1,2,0,6,2,1,15,14,0,4,1,0,7,367,85%,2,0,0,1,46,,6,10,19
08/11/2020,7,MILAN,HELLAS VERONA,2,2,X,65%,1,1,27,9,0,12,2,9,1,3,16,18,1,9,1,3,14,418,80%,1,0,0,7,43,,24,9,9,35%,7,0,5,3,0,2,0,3,2,0,20,12,1,5,0,2,1,183,65%,3,0,0,4,74,,7,7,12
25/10/2020,5,BENEVENTO,NAPOLI,1,2,2,41%,4,0,7,3,1,3,1,2,0,0,18,13,0,2,1,1,3,206,70%,3,0,0,0,51,,6,4,8,59%,2,0,16,8,0,6,0,4,2,1,13,17,3,9,2,2,15,500,88%,1,0,0,5,40,,12,17,8
25/10/2020,5,CAGLIARI,CROTONE,4,2,1,46%,4,0,17,8,1,7,0,5,1,1,13,13,0,8,2,2,5,330,84%,2,0,0,4,38,,13,11,9,54%,4,0,12,6,0,5,0,6,0,0,13,12,0,8,1,1,1,451,88%,2,1,0,6,28,,7,11,5
25/10/2020,5,JUVENTUS,HELLAS VERONA,1,1,X,59%,1,0,21,8,0,8,0,7,0,1,14,17,2,10,0,4,6,513,87%,1,0,0,7,52,,26,5,5,41%,5,0,5,2,0,3,0,2,0,0,19,13,0,3,1,3,3,277,78%,4,0,0,2,38,,13,3,5
25/10/2020,5,PARMA,SPEZIA,2,2,X,49%,4,1,15,7,1,8,1,7,0,1,12,21,0,10,0,4,12,326,80%,3,0,0,7,23,,18,9,25,51%,5,0,14,9,0,4,0,7,1,0,22,12,3,10,2,1,3,366,82%,2,0,0,6,45,,10,18,18
08/11/2020,7,BOLOGNA,NAPOLI,0,1,2,50%,3,0,8,4,0,2,0,3,0,0,12,9,0,4,0,6,4,364,82%,3,0,0,2,51,,6,9,7,50%,3,0,12,4,0,4,1,3,0,0,11,12,0,3,1,0,7,408,83%,0,0,0,2,45,,10,17,9
